Designator,Footprint,Quantity,Value,LCSC Part #
"C1, C2",C_Disc_D3.8mm_W2.6mm_P2.50mm,2,100nF,
J1,DSUB-9_Male_Horizontal_P2.77x2.84mm_EdgePinOffset9.90mm_Housed_MountingHolesOffset11.32mm,1,DB9_Male,
J2,PinHeader_2x04_P2.54mm_Vertical,1,Conn_02x04_Odd_Even,
"R1, R2",R_Axial_DIN0207_L6.3mm_D2.5mm_P10.16mm_Horizontal,2,R10KΩ,
SW1,SW_PUSH_6mm_H4.3mm,1,RST,
SW2,MFP_1220_KNITTER_SWITCH_SPDT,1,SW_SPDT,
U1,DIP-24_W15.24mm_Socket_LongPads,1,Arduino_Pro_Micro,
U2,DIP-14_W7.62mm_Socket_LongPads,1,4066,
